<?xml version="1.0" encoding="utf-8"?>
<ApplicationInstallerManifest>
   <DefaultInstallationDirectory>/Applications/TuxNet/</DefaultInstallationDirectory>
   <ApplicationName>TuxNet</ApplicationName>
   <ExecutableName>application/TuxNet.exe</ExecutableName>
   <GUID>8149d2d2-c932-4a90-a588-9a3e0fabf569</GUID>
   <ApplicationIcon>default_icon_48.png</ApplicationIcon>
   <Logo>default_logo.png</Logo>
   <Version>1.0</Version>
   <InstallationNotes>In the following directions, replace MR/v96 by the directory on the target machine where MATLAB is installed, or MR by the directory where the MATLAB Runtime is installed.

If the environment variable DYLD_LIBRARY_PATH is undefined, set it to the following string:

MR/v96/runtime/maci64:MR/v96/sys/os/maci64:MR/v96/bin/maci64

If it is defined, set it to the following:

${DYLD_LIBRARY_PATH}:MR/v96/runtime/maci64:MR/v96/sys/os/maci64:MR/v96/bin/maci64
</InstallationNotes>
   <Summary>App to process RNAseq data and infer GRNs</Summary>
   <WelcomePanelText>TuxNet 1.0
App to process RNAseq data and infer GRNs</WelcomePanelText>
   <MCRProducts>
      <MCRProduct>
         <ExternalProductIdentifier>35000</ExternalProductIdentifier>
      </MCRProduct>
      <MCRProduct>
         <ExternalProductIdentifier>35010</ExternalProductIdentifier>
      </MCRProduct>
      <MCRProduct>
         <ExternalProductIdentifier>35119</ExternalProductIdentifier>
      </MCRProduct>
      <MCRProduct>
         <ExternalProductIdentifier>35183</ExternalProductIdentifier>
      </MCRProduct>
      <MCRProduct>
         <ExternalProductIdentifier>35401</ExternalProductIdentifier>
      </MCRProduct>
   </MCRProducts>
</ApplicationInstallerManifest>